<?xml version="1.0" encoding="UTF-8"?>
<package id="1" uuid="40f045f7-0405-4b73-bdf5-5fb323dfe97b">
  <dateCreated id="2">2021-05-13 22:16:09</dateCreated>
  <name>Peru concepts</name>
  <description>Concepts for the PIH Peru (SES) EMR implementation.</description>
  <openmrsVersion>2.1.3 SNAPSHOT Build e8c2d9</openmrsVersion>
  <version>1</version>
  <groupUuid>7baf81da-43ca-4703-ba9b-abc408147341</groupUuid>
  <subscriptionUrl>https://concepts.pih-emr.org/openmrs/ws/rest/metadatasharing/package/7baf81da-43ca-4703-ba9b-abc408147341/latest</subscriptionUrl>
  <modules id="3">
    <entry>
      <string>webservices.rest</string>
      <string>2.23.0-SNAPSHOT.df4734</string>
    </entry>
    <entry>
      <string>legacyui</string>
      <string>1.5.0</string>
    </entry>
    <entry>
      <string>groovy</string>
      <string>2.3.0-SNAPSHOT</string>
    </entry>
    <entry>
      <string>htmlformentry</string>
      <string>3.8.0</string>
    </entry>
    <entry>
      <string>metadatasharing</string>
      <string>1.6.0-SNAPSHOT</string>
    </entry>
    <entry>
      <string>uiframework</string>
      <string>3.15.0</string>
    </entry>
    <entry>
      <string>metadatamapping</string>
      <string>1.3.4</string>
    </entry>
    <entry>
      <string>metadatatools</string>
      <string>1.0-SNAPSHOT</string>
    </entry>
    <entry>
      <string>uilibrary</string>
      <string>2.0.6</string>
    </entry>
    <entry>
      <string>validation</string>
      <string>1.0.1</string>
    </entry>
  </modules>
  <items class="linked-hash-set" id="4">
    <org.openmrs.module.metadatasharing.Item id="5" uuid="21868c67-bca1-4c51-b0f0-09cc429c1428">
      <id>13578</id>
      <classname>org.openmrs.Concept</classname>
      <dateChanged id="6">2021-05-13 22:15:52</dateChanged>
      <retired>false</retired>
    </org.openmrs.module.metadatasharing.Item>
  </items>
  <relatedItems class="linked-hash-set" id="7">
    <org.openmrs.module.metadatasharing.Item id="8" uuid="8d4a4c94-c2cc-11de-8d13-0010c6dffd0f">
      <id>4</id>
      <classname>org.openmrs.ConceptDatatype</classname>
      <dateChanged id="9">2004-02-02 05:00:00</dateChanged>
      <retired>false</retired>
    </org.openmrs.module.metadatasharing.Item>
    <org.openmrs.module.metadatasharing.Item id="10" uuid="8d492594-c2cc-11de-8d13-0010c6dffd0f">
      <id>10</id>
      <classname>org.openmrs.ConceptClass</classname>
      <dateChanged id="11">2015-07-01 17:25:50</dateChanged>
      <retired>false</retired>
    </org.openmrs.module.metadatasharing.Item>
    <org.openmrs.module.metadatasharing.Item id="12" uuid="e11e1f4a-bb2c-4b09-8d85-7d804e231038">
      <id>46410</id>
      <classname>org.openmrs.ConceptName</classname>
      <dateChanged id="13">2021-05-13 22:15:31</dateChanged>
    </org.openmrs.module.metadatasharing.Item>
    <org.openmrs.module.metadatasharing.Item id="14" uuid="a58b7ac9-0ffa-4dd8-bbfa-4165b7eaeaec">
      <id>11743</id>
      <classname>org.openmrs.ConceptSet</classname>
      <dateChanged id="15">2021-05-13 22:15:52</dateChanged>
    </org.openmrs.module.metadatasharing.Item>
    <org.openmrs.module.metadatasharing.Item id="16" uuid="35dfa199-58db-44a8-b10f-473a98130017">
      <id>13171</id>
      <classname>org.openmrs.Concept</classname>
      <dateChanged id="17">2020-11-10 21:40:41</dateChanged>
      <retired>false</retired>
    </org.openmrs.module.metadatasharing.Item>
    <org.openmrs.module.metadatasharing.Item id="18" uuid="260c1645-9a5e-413d-ab0e-33fffeeeb648">
      <id>44721</id>
      <classname>org.openmrs.ConceptName</classname>
      <dateChanged id="19">2020-11-10 21:02:34</dateChanged>
    </org.openmrs.module.metadatasharing.Item>
    <org.openmrs.module.metadatasharing.Item id="20" uuid="5bc2b9c2-d7a7-41b1-ae71-c4b973f1b9a9">
      <id>11421</id>
      <classname>org.openmrs.ConceptSet</classname>
      <dateChanged id="21">2020-11-10 21:40:41</dateChanged>
    </org.openmrs.module.metadatasharing.Item>
    <org.openmrs.module.metadatasharing.Item id="22" uuid="b105fdb9-15de-48cd-a741-6c8b6a6bece8">
      <id>13172</id>
      <classname>org.openmrs.Concept</classname>
      <dateChanged id="23">2021-05-13 22:15:06</dateChanged>
      <retired>false</retired>
    </org.openmrs.module.metadatasharing.Item>
    <org.openmrs.module.metadatasharing.Item id="24" uuid="8d4a48b6-c2cc-11de-8d13-0010c6dffd0f">
      <id>2</id>
      <classname>org.openmrs.ConceptDatatype</classname>
      <dateChanged id="25">2004-02-02 05:00:00</dateChanged>
      <retired>false</retired>
    </org.openmrs.module.metadatasharing.Item>
    <org.openmrs.module.metadatasharing.Item id="26" uuid="8d491e50-c2cc-11de-8d13-0010c6dffd0f">
      <id>7</id>
      <classname>org.openmrs.ConceptClass</classname>
      <dateChanged id="27">2015-07-01 17:25:50</dateChanged>
      <retired>false</retired>
    </org.openmrs.module.metadatasharing.Item>
    <org.openmrs.module.metadatasharing.Item id="28" uuid="a403598a-f745-470a-ae3f-0bca9e720d94">
      <id>44722</id>
      <classname>org.openmrs.ConceptName</classname>
      <dateChanged id="29">2020-11-10 21:38:40</dateChanged>
    </org.openmrs.module.metadatasharing.Item>
    <org.openmrs.module.metadatasharing.Item id="30" uuid="13682dd5-eb6c-4591-bff8-4a915a069eac">
      <id>44723</id>
      <classname>org.openmrs.ConceptName</classname>
      <dateChanged id="31">2020-11-10 21:38:40</dateChanged>
    </org.openmrs.module.metadatasharing.Item>
    <org.openmrs.module.metadatasharing.Item id="32" uuid="d9835fff-b4c9-4158-8f0e-10d102b90bd8">
      <id>11723</id>
      <classname>org.openmrs.ConceptAnswer</classname>
      <dateChanged id="33">2020-11-10 21:56:25</dateChanged>
    </org.openmrs.module.metadatasharing.Item>
    <org.openmrs.module.metadatasharing.Item id="34" uuid="860f8721-0f5f-4476-84bb-f326eb84e704">
      <id>7419</id>
      <classname>org.openmrs.Concept</classname>
      <dateChanged id="35">2021-03-12 14:38:35</dateChanged>
      <retired>false</retired>
    </org.openmrs.module.metadatasharing.Item>
    <org.openmrs.module.metadatasharing.Item id="36" uuid="8d492774-c2cc-11de-8d13-0010c6dffd0f">
      <id>11</id>
      <classname>org.openmrs.ConceptClass</classname>
      <dateChanged id="37">2015-07-01 17:25:50</dateChanged>
      <retired>false</retired>
    </org.openmrs.module.metadatasharing.Item>
    <org.openmrs.module.metadatasharing.Item id="38" uuid="61618fc8-7834-48af-9a10-0a792bba5234">
      <id>44830</id>
      <classname>org.openmrs.ConceptName</classname>
      <dateChanged id="39">2020-11-13 04:59:30</dateChanged>
    </org.openmrs.module.metadatasharing.Item>
    <org.openmrs.module.metadatasharing.Item id="40" uuid="c9eeb425-5a7f-4709-86ca-d67de7e03180">
      <id>15101</id>
      <classname>org.openmrs.ConceptName</classname>
      <dateChanged id="41">2021-03-12 14:38:35</dateChanged>
    </org.openmrs.module.metadatasharing.Item>
    <org.openmrs.module.metadatasharing.Item id="42" uuid="68f4afc1-8f40-4103-bba1-3623fc07ec96">
      <id>13098</id>
      <classname>org.openmrs.ConceptMap</classname>
      <dateChanged id="43">2012-06-21 16:49:52</dateChanged>
    </org.openmrs.module.metadatasharing.Item>
    <org.openmrs.module.metadatasharing.Item id="44" uuid="35543629-7d8c-11e1-909d-c80aa9edcf4e">
      <id>1</id>
      <classname>org.openmrs.ConceptMapType</classname>
      <dateChanged id="45">2012-06-21 00:00:00</dateChanged>
      <retired>false</retired>
    </org.openmrs.module.metadatasharing.Item>
    <org.openmrs.module.metadatasharing.Item id="46" uuid="88756508-7a55-371a-849e-30bf8721fa97">
      <id>13098</id>
      <classname>org.openmrs.ConceptReferenceTerm</classname>
      <dateChanged id="47">2011-08-20 00:00:00</dateChanged>
      <retired>false</retired>
    </org.openmrs.module.metadatasharing.Item>
    <org.openmrs.module.metadatasharing.Item id="48" uuid="fb9aaaf1-65e2-4c18-b53c-16b575f2f385">
      <id>5</id>
      <classname>org.openmrs.ConceptSource</classname>
      <dateChanged id="49">2015-07-01 17:25:50</dateChanged>
      <retired>false</retired>
    </org.openmrs.module.metadatasharing.Item>
    <org.openmrs.module.metadatasharing.Item id="50" uuid="bb443c6c-3978-48bb-b610-3549c36d7063">
      <id>35578</id>
      <classname>org.openmrs.ConceptMap</classname>
      <dateChanged id="51">2020-11-13 04:59:30</dateChanged>
    </org.openmrs.module.metadatasharing.Item>
    <org.openmrs.module.metadatasharing.Item id="52" uuid="0c3b702d-0820-4c12-ba7c-e227f00b3ed2">
      <id>34147</id>
      <classname>org.openmrs.ConceptReferenceTerm</classname>
      <dateChanged id="53">2020-11-13 04:59:00</dateChanged>
      <retired>false</retired>
    </org.openmrs.module.metadatasharing.Item>
    <org.openmrs.module.metadatasharing.Item id="54" uuid="1ADDDDDDDDDDDDDDDDDDDDDDDDDDDDDDDDDD">
      <id>6</id>
      <classname>org.openmrs.ConceptSource</classname>
      <dateChanged id="55">2015-07-01 17:25:50</dateChanged>
      <retired>false</retired>
    </org.openmrs.module.metadatasharing.Item>
    <org.openmrs.module.metadatasharing.Item id="56" uuid="0f2797bc-882c-41f9-aab0-31a4ebaea189">
      <id>35989</id>
      <classname>org.openmrs.ConceptMap</classname>
      <dateChanged id="57">2021-03-12 14:38:35</dateChanged>
    </org.openmrs.module.metadatasharing.Item>
    <org.openmrs.module.metadatasharing.Item id="58" uuid="e039bf07-f6f2-3b6c-aadd-4554c58fed3a">
      <id>13099</id>
      <classname>org.openmrs.ConceptReferenceTerm</classname>
      <dateChanged id="59">2011-08-20 00:00:00</dateChanged>
      <retired>false</retired>
    </org.openmrs.module.metadatasharing.Item>
    <org.openmrs.module.metadatasharing.Item id="60" uuid="d5ec98da-1930-4a3f-a135-7a3b27c67ff1">
      <id>35579</id>
      <classname>org.openmrs.ConceptMap</classname>
      <dateChanged id="61">2020-11-13 04:59:30</dateChanged>
    </org.openmrs.module.metadatasharing.Item>
    <org.openmrs.module.metadatasharing.Item id="62" uuid="acf995ef-0576-4c1b-a08d-261bb971a865">
      <id>34148</id>
      <classname>org.openmrs.ConceptReferenceTerm</classname>
      <dateChanged id="63">2020-11-13 04:59:10</dateChanged>
      <retired>false</retired>
    </org.openmrs.module.metadatasharing.Item>
    <org.openmrs.module.metadatasharing.Item id="64" uuid="21ADDDDDDDDDDDDDDDDDDDDDDDDDDDDDDDDD">
      <id>29</id>
      <classname>org.openmrs.ConceptSource</classname>
      <dateChanged id="65">2015-07-01 17:25:50</dateChanged>
      <retired>false</retired>
    </org.openmrs.module.metadatasharing.Item>
    <org.openmrs.module.metadatasharing.Item id="66" uuid="d464c2dd-5527-4867-90b7-1b6e556749db">
      <id>11724</id>
      <classname>org.openmrs.ConceptAnswer</classname>
      <dateChanged id="67">2020-11-10 21:56:25</dateChanged>
    </org.openmrs.module.metadatasharing.Item>
    <org.openmrs.module.metadatasharing.Item id="68" uuid="0b70341b-e80c-4117-ac04-6f7dae0a7165">
      <id>13174</id>
      <classname>org.openmrs.Concept</classname>
      <dateChanged id="69">2020-11-10 21:55:09</dateChanged>
      <retired>false</retired>
    </org.openmrs.module.metadatasharing.Item>
    <org.openmrs.module.metadatasharing.Item id="70" uuid="9e7d2737-9ce0-4133-b6b2-79eef7896ff1">
      <id>44726</id>
      <classname>org.openmrs.ConceptName</classname>
      <dateChanged id="71">2020-11-10 21:54:30</dateChanged>
    </org.openmrs.module.metadatasharing.Item>
    <org.openmrs.module.metadatasharing.Item id="72" uuid="387b546d-b977-4365-8aa3-451921231651">
      <id>8170</id>
      <classname>org.openmrs.ConceptDescription</classname>
      <dateChanged id="73">2020-11-10 21:54:30</dateChanged>
    </org.openmrs.module.metadatasharing.Item>
    <org.openmrs.module.metadatasharing.Item id="74" uuid="66db0207-0fe6-437b-8ecf-e692c49c6c31">
      <id>35475</id>
      <classname>org.openmrs.ConceptMap</classname>
      <dateChanged id="75">2020-11-10 21:55:09</dateChanged>
    </org.openmrs.module.metadatasharing.Item>
    <org.openmrs.module.metadatasharing.Item id="76" uuid="a51db199-f13f-43eb-bbd2-22411982e172">
      <id>34045</id>
      <classname>org.openmrs.ConceptReferenceTerm</classname>
      <dateChanged id="77">2020-11-10 21:54:57</dateChanged>
      <retired>false</retired>
    </org.openmrs.module.metadatasharing.Item>
    <org.openmrs.module.metadatasharing.Item id="78" uuid="d3022051-d9e5-40ca-b33c-89fed06efc9d">
      <id>35476</id>
      <classname>org.openmrs.ConceptMap</classname>
      <dateChanged id="79">2020-11-10 21:55:09</dateChanged>
    </org.openmrs.module.metadatasharing.Item>
    <org.openmrs.module.metadatasharing.Item id="80" uuid="e4e931e6-551d-4e20-897e-b85b69f31e99">
      <id>34044</id>
      <classname>org.openmrs.ConceptReferenceTerm</classname>
      <dateChanged id="81">2020-11-10 21:54:50</dateChanged>
      <retired>false</retired>
    </org.openmrs.module.metadatasharing.Item>
    <org.openmrs.module.metadatasharing.Item id="82" uuid="30ef2c27-a658-42de-bee6-fe72b0a4a489">
      <id>12243</id>
      <classname>org.openmrs.ConceptAnswer</classname>
      <dateChanged id="83">2021-05-13 22:15:06</dateChanged>
    </org.openmrs.module.metadatasharing.Item>
    <org.openmrs.module.metadatasharing.Item id="84" uuid="fb053703-2ae5-4275-9716-2c0b36089157">
      <id>13577</id>
      <classname>org.openmrs.Concept</classname>
      <dateChanged id="85">2021-05-13 22:14:46</dateChanged>
      <retired>false</retired>
    </org.openmrs.module.metadatasharing.Item>
    <org.openmrs.module.metadatasharing.Item id="86" uuid="73b93b21-9f19-4636-b945-dd2762e92806">
      <id>46408</id>
      <classname>org.openmrs.ConceptName</classname>
      <dateChanged id="87">2021-05-13 22:13:56</dateChanged>
    </org.openmrs.module.metadatasharing.Item>
    <org.openmrs.module.metadatasharing.Item id="88" uuid="29a1db9b-8356-436a-9a56-850c9ae57b21">
      <id>46409</id>
      <classname>org.openmrs.ConceptName</classname>
      <dateChanged id="89">2021-05-13 22:13:57</dateChanged>
    </org.openmrs.module.metadatasharing.Item>
    <org.openmrs.module.metadatasharing.Item id="90" uuid="1b7d04db-98d1-49fb-b48a-992a8f50c4c8">
      <id>8336</id>
      <classname>org.openmrs.ConceptDescription</classname>
      <dateChanged id="91">2021-05-13 22:13:57</dateChanged>
    </org.openmrs.module.metadatasharing.Item>
    <org.openmrs.module.metadatasharing.Item id="92" uuid="865823e0-98ea-464d-a35e-d1a2f2518db5">
      <id>36529</id>
      <classname>org.openmrs.ConceptMap</classname>
      <dateChanged id="93">2021-05-13 22:14:46</dateChanged>
    </org.openmrs.module.metadatasharing.Item>
    <org.openmrs.module.metadatasharing.Item id="94" uuid="c8779617-6410-4df0-b202-e0723c0b093f">
      <id>34813</id>
      <classname>org.openmrs.ConceptReferenceTerm</classname>
      <dateChanged id="95">2021-05-13 22:14:37</dateChanged>
      <retired>false</retired>
    </org.openmrs.module.metadatasharing.Item>
    <org.openmrs.module.metadatasharing.Item id="96" uuid="44b4713c-7cbc-4a2a-a219-c9aa9cbf4ee0">
      <id>36530</id>
      <classname>org.openmrs.ConceptMap</classname>
      <dateChanged id="97">2021-05-13 22:14:46</dateChanged>
    </org.openmrs.module.metadatasharing.Item>
    <org.openmrs.module.metadatasharing.Item id="98" uuid="d133bf0e-1572-4caa-af7a-b32c3ae000a4">
      <id>34812</id>
      <classname>org.openmrs.ConceptReferenceTerm</classname>
      <dateChanged id="99">2021-05-13 22:14:12</dateChanged>
      <retired>false</retired>
    </org.openmrs.module.metadatasharing.Item>
    <org.openmrs.module.metadatasharing.Item id="100" uuid="041f5999-2f9a-40be-9d5a-bb42da5e8200">
      <id>35473</id>
      <classname>org.openmrs.ConceptMap</classname>
      <dateChanged id="101">2020-11-10 21:41:20</dateChanged>
    </org.openmrs.module.metadatasharing.Item>
    <org.openmrs.module.metadatasharing.Item id="102" uuid="79a73441-8c9a-4574-bbe6-e08683ca4fdb">
      <id>34042</id>
      <classname>org.openmrs.ConceptReferenceTerm</classname>
      <dateChanged id="103">2020-11-10 21:40:57</dateChanged>
      <retired>false</retired>
    </org.openmrs.module.metadatasharing.Item>
    <org.openmrs.module.metadatasharing.Item id="104" uuid="ba3fbd64-f606-465b-a2b4-e9d15b20c539">
      <id>35474</id>
      <classname>org.openmrs.ConceptMap</classname>
      <dateChanged id="105">2020-11-10 21:41:20</dateChanged>
    </org.openmrs.module.metadatasharing.Item>
    <org.openmrs.module.metadatasharing.Item id="106" uuid="1c805383-b7ce-410d-99d2-2c9035eaa47a">
      <id>34043</id>
      <classname>org.openmrs.ConceptReferenceTerm</classname>
      <dateChanged id="107">2020-11-10 21:41:05</dateChanged>
      <retired>false</retired>
    </org.openmrs.module.metadatasharing.Item>
    <org.openmrs.module.metadatasharing.Item id="108" uuid="a4d04928-c115-4b9a-b5b9-925b4922f838">
      <id>11422</id>
      <classname>org.openmrs.ConceptSet</classname>
      <dateChanged id="109">2020-11-10 21:40:41</dateChanged>
    </org.openmrs.module.metadatasharing.Item>
    <org.openmrs.module.metadatasharing.Item id="110" uuid="87670a92-bc08-4434-9396-43a440d6f29e">
      <id>13173</id>
      <classname>org.openmrs.Concept</classname>
      <dateChanged id="111">2020-11-10 21:40:22</dateChanged>
      <retired>false</retired>
    </org.openmrs.module.metadatasharing.Item>
    <org.openmrs.module.metadatasharing.Item id="112" uuid="8d4a4ab4-c2cc-11de-8d13-0010c6dffd0f">
      <id>3</id>
      <classname>org.openmrs.ConceptDatatype</classname>
      <dateChanged id="113">2004-02-02 00:00:00</dateChanged>
      <retired>false</retired>
    </org.openmrs.module.metadatasharing.Item>
    <org.openmrs.module.metadatasharing.Item id="114" uuid="e9698738-cbe8-46dc-ba24-0d14c2e3e420">
      <id>44724</id>
      <classname>org.openmrs.ConceptName</classname>
      <dateChanged id="115">2020-11-10 21:39:40</dateChanged>
    </org.openmrs.module.metadatasharing.Item>
    <org.openmrs.module.metadatasharing.Item id="116" uuid="18000db3-a076-4b59-86f8-bf419a97e740">
      <id>44725</id>
      <classname>org.openmrs.ConceptName</classname>
      <dateChanged id="117">2020-11-10 21:39:40</dateChanged>
    </org.openmrs.module.metadatasharing.Item>
    <org.openmrs.module.metadatasharing.Item id="118" uuid="7b30d0fe-9da1-4033-a041-ed3d7a8f64c9">
      <id>35471</id>
      <classname>org.openmrs.ConceptMap</classname>
      <dateChanged id="119">2020-11-10 21:40:22</dateChanged>
    </org.openmrs.module.metadatasharing.Item>
    <org.openmrs.module.metadatasharing.Item id="120" uuid="3c37aaf3-3b00-4df0-a115-eaef7b5001f6">
      <id>34041</id>
      <classname>org.openmrs.ConceptReferenceTerm</classname>
      <dateChanged id="121">2020-11-10 21:40:01</dateChanged>
      <retired>false</retired>
    </org.openmrs.module.metadatasharing.Item>
    <org.openmrs.module.metadatasharing.Item id="122" uuid="1ee064c8-6612-4eb8-a8d4-b1636c98f23d">
      <id>35472</id>
      <classname>org.openmrs.ConceptMap</classname>
      <dateChanged id="123">2020-11-10 21:40:22</dateChanged>
    </org.openmrs.module.metadatasharing.Item>
    <org.openmrs.module.metadatasharing.Item id="124" uuid="caacc13a-2bc8-4c3e-8d0a-ff6e67a006d9">
      <id>34040</id>
      <classname>org.openmrs.ConceptReferenceTerm</classname>
      <dateChanged id="125">2020-11-10 21:39:52</dateChanged>
      <retired>false</retired>
    </org.openmrs.module.metadatasharing.Item>
    <org.openmrs.module.metadatasharing.Item id="126" uuid="c699b6f4-1aff-4f6a-b3d9-110580235276">
      <id>35469</id>
      <classname>org.openmrs.ConceptMap</classname>
      <dateChanged id="127">2020-11-10 21:03:27</dateChanged>
    </org.openmrs.module.metadatasharing.Item>
    <org.openmrs.module.metadatasharing.Item id="128" uuid="b6bfc2e7-7f2f-444b-8897-bbde43aa9d3e">
      <id>34038</id>
      <classname>org.openmrs.ConceptReferenceTerm</classname>
      <dateChanged id="129">2020-11-10 21:02:51</dateChanged>
      <retired>false</retired>
    </org.openmrs.module.metadatasharing.Item>
    <org.openmrs.module.metadatasharing.Item id="130" uuid="49e56b01-87b2-4da5-8152-01dac187d3a8">
      <id>35470</id>
      <classname>org.openmrs.ConceptMap</classname>
      <dateChanged id="131">2020-11-10 21:03:27</dateChanged>
    </org.openmrs.module.metadatasharing.Item>
    <org.openmrs.module.metadatasharing.Item id="132" uuid="e57c21bc-691d-4400-92e6-c2158dd5f567">
      <id>34039</id>
      <classname>org.openmrs.ConceptReferenceTerm</classname>
      <dateChanged id="133">2020-11-10 21:03:05</dateChanged>
      <retired>false</retired>
    </org.openmrs.module.metadatasharing.Item>
  </relatedItems>
</package>
