<?xml version="1.0" encoding="UTF-8"?>
<list id="1">
  <org.openmrs.Concept id="2" uuid="21868c67-bca1-4c51-b0f0-09cc429c1428">
    <conceptId>13578</conceptId>
    <retired>false</retired>
    <datatype id="3" resolves-to="org.openmrs.ConceptDatatype" uuid="8d4a4c94-c2cc-11de-8d13-0010c6dffd0f">
      <name>N/A</name>
      <description>Not associated with a datatype (e.g., term answers, sets)</description>
      <creator/>
      <dateCreated id="4">2004-02-02 05:00:00</dateCreated>
      <retired>false</retired>
      <conceptDatatypeId>4</conceptDatatypeId>
      <hl7Abbreviation>ZZ</hl7Abbreviation>
    </datatype>
    <conceptClass id="5" resolves-to="org.openmrs.ConceptClass" uuid="8d492594-c2cc-11de-8d13-0010c6dffd0f">
      <name>ConvSet</name>
      <description>Term to describe convenience sets</description>
      <creator/>
      <dateCreated id="6">2015-07-01 17:25:50</dateCreated>
      <retired>false</retired>
      <conceptClassId>10</conceptClassId>
    </conceptClass>
    <set>true</set>
    <creator/>
    <dateCreated id="7">2021-05-13 22:15:31</dateCreated>
    <changedBy/>
    <dateChanged id="8">2021-05-13 22:15:52</dateChanged>
    <names class="set" id="9">
      <org.openmrs.ConceptName id="10" uuid="e11e1f4a-bb2c-4b09-8d85-7d804e231038">
        <conceptNameId>46410</conceptNameId>
        <concept reference="2"/>
        <name>Peru concept set</name>
        <locale id="11">en</locale>
        <creator/>
        <dateCreated id="12">2021-05-13 22:15:31</dateCreated>
        <voided>false</voided>
        <tags class="set" id="13"/>
        <conceptNameType>FULLY_SPECIFIED</conceptNameType>
        <localePreferred>true</localePreferred>
      </org.openmrs.ConceptName>
    </names>
    <answers class="set" id="14"/>
    <conceptSets class="set" id="15">
      <org.openmrs.ConceptSet id="16" uuid="a58b7ac9-0ffa-4dd8-bbfa-4165b7eaeaec">
        <conceptSetId>11743</conceptSetId>
        <concept id="17" resolves-to="org.openmrs.Concept" uuid="35dfa199-58db-44a8-b10f-473a98130017">
          <conceptId>13171</conceptId>
          <retired>false</retired>
          <datatype reference="3"/>
          <conceptClass reference="5"/>
          <set>true</set>
          <creator/>
          <dateCreated id="18">2020-11-10 21:02:34</dateCreated>
          <changedBy/>
          <dateChanged id="19">2020-11-10 21:40:41</dateChanged>
          <names class="set" id="20">
            <org.openmrs.ConceptName id="21" uuid="260c1645-9a5e-413d-ab0e-33fffeeeb648">
              <conceptNameId>44721</conceptNameId>
              <concept reference="17"/>
              <name>Identification construct</name>
              <locale id="22">en</locale>
              <creator/>
              <dateCreated id="23">2020-11-10 21:02:34</dateCreated>
              <voided>false</voided>
              <tags class="set" id="24"/>
              <conceptNameType>FULLY_SPECIFIED</conceptNameType>
              <localePreferred>true</localePreferred>
            </org.openmrs.ConceptName>
          </names>
          <answers class="set" id="25"/>
          <conceptSets class="set" id="26">
            <org.openmrs.ConceptSet id="27" uuid="a4d04928-c115-4b9a-b5b9-925b4922f838">
              <conceptSetId>11422</conceptSetId>
              <concept id="28" resolves-to="org.openmrs.Concept" uuid="87670a92-bc08-4434-9396-43a440d6f29e">
                <conceptId>13173</conceptId>
                <retired>false</retired>
                <datatype id="29" resolves-to="org.openmrs.ConceptDatatype" uuid="8d4a4ab4-c2cc-11de-8d13-0010c6dffd0f">
                  <name>Text</name>
                  <description>Free text</description>
                  <creator/>
                  <dateCreated id="30">2004-02-02 00:00:00</dateCreated>
                  <retired>false</retired>
                  <conceptDatatypeId>3</conceptDatatypeId>
                  <hl7Abbreviation>ST</hl7Abbreviation>
                </datatype>
                <conceptClass id="31" resolves-to="org.openmrs.ConceptClass" uuid="8d491e50-c2cc-11de-8d13-0010c6dffd0f">
                  <name>Question</name>
                  <description>Question (eg, patient history, SF36 items)</description>
                  <creator/>
                  <dateCreated id="32">2015-07-01 17:25:50</dateCreated>
                  <retired>false</retired>
                  <conceptClassId>7</conceptClassId>
                </conceptClass>
                <set>false</set>
                <creator/>
                <dateCreated id="33">2020-11-10 21:39:40</dateCreated>
                <changedBy/>
                <dateChanged id="34">2020-11-10 21:40:22</dateChanged>
                <names class="set" id="35">
                  <org.openmrs.ConceptName id="36" uuid="e9698738-cbe8-46dc-ba24-0d14c2e3e420">
                    <conceptNameId>44724</conceptNameId>
                    <concept reference="28"/>
                    <name>ID number</name>
                    <locale id="37">en</locale>
                    <creator/>
                    <dateCreated id="38">2020-11-10 21:39:40</dateCreated>
                    <voided>false</voided>
                    <tags class="set" id="39"/>
                    <conceptNameType>SHORT</conceptNameType>
                    <localePreferred>false</localePreferred>
                  </org.openmrs.ConceptName>
                  <org.openmrs.ConceptName id="40" uuid="18000db3-a076-4b59-86f8-bf419a97e740">
                    <conceptNameId>44725</conceptNameId>
                    <concept reference="28"/>
                    <name>Identification number</name>
                    <locale id="41">en</locale>
                    <creator/>
                    <dateCreated id="42">2020-11-10 21:39:40</dateCreated>
                    <voided>false</voided>
                    <tags class="set" id="43"/>
                    <conceptNameType>FULLY_SPECIFIED</conceptNameType>
                    <localePreferred>true</localePreferred>
                  </org.openmrs.ConceptName>
                </names>
                <answers class="set" id="44"/>
                <conceptSets class="set" id="45"/>
                <descriptions class="set" id="46"/>
                <conceptMappings class="set" id="47">
                  <org.openmrs.ConceptMap id="48" uuid="7b30d0fe-9da1-4033-a041-ed3d7a8f64c9">
                    <conceptMapType id="49" resolves-to="org.openmrs.ConceptMapType" uuid="35543629-7d8c-11e1-909d-c80aa9edcf4e">
                      <name>SAME-AS</name>
                      <creator/>
                      <dateCreated id="50">2012-06-21 00:00:00</dateCreated>
                      <retired>false</retired>
                      <conceptMapTypeId>1</conceptMapTypeId>
                      <isHidden>false</isHidden>
                    </conceptMapType>
                    <creator/>
                    <dateCreated id="51">2020-11-10 21:40:22</dateCreated>
                    <conceptMapId>35471</conceptMapId>
                    <concept reference="28"/>
                    <conceptReferenceTerm id="52" resolves-to="org.openmrs.ConceptReferenceTerm" uuid="3c37aaf3-3b00-4df0-a115-eaef7b5001f6">
                      <creator/>
                      <dateCreated id="53">2020-11-10 21:40:01</dateCreated>
                      <retired>false</retired>
                      <conceptReferenceTermId>34041</conceptReferenceTermId>
                      <conceptSource id="54" resolves-to="org.openmrs.ConceptSource" uuid="fb9aaaf1-65e2-4c18-b53c-16b575f2f385">
                        <name>PIH</name>
                        <description>Partners In Health concept dictionary using concept ids and preferred English names</description>
                        <creator/>
                        <dateCreated id="55">2015-07-01 17:25:50</dateCreated>
                        <retired>false</retired>
                        <conceptSourceId>5</conceptSourceId>
                      </conceptSource>
                      <code>Identification number</code>
                      <conceptReferenceTermMaps id="56"/>
                    </conceptReferenceTerm>
                  </org.openmrs.ConceptMap>
                  <org.openmrs.ConceptMap id="57" uuid="1ee064c8-6612-4eb8-a8d4-b1636c98f23d">
                    <conceptMapType reference="49"/>
                    <creator/>
                    <dateCreated id="58">2020-11-10 21:40:22</dateCreated>
                    <conceptMapId>35472</conceptMapId>
                    <concept reference="28"/>
                    <conceptReferenceTerm id="59" resolves-to="org.openmrs.ConceptReferenceTerm" uuid="caacc13a-2bc8-4c3e-8d0a-ff6e67a006d9">
                      <creator/>
                      <dateCreated id="60">2020-11-10 21:39:52</dateCreated>
                      <retired>false</retired>
                      <conceptReferenceTermId>34040</conceptReferenceTermId>
                      <conceptSource reference="54"/>
                      <code>13173</code>
                      <conceptReferenceTermMaps id="61"/>
                    </conceptReferenceTerm>
                  </org.openmrs.ConceptMap>
                </conceptMappings>
                <attributes id="62"/>
              </concept>
              <conceptSet reference="17"/>
              <sortWeight>1.0</sortWeight>
              <creator/>
              <dateCreated id="63">2020-11-10 21:40:41</dateCreated>
            </org.openmrs.ConceptSet>
            <org.openmrs.ConceptSet id="64" uuid="5bc2b9c2-d7a7-41b1-ae71-c4b973f1b9a9">
              <conceptSetId>11421</conceptSetId>
              <concept id="65" resolves-to="org.openmrs.Concept" uuid="b105fdb9-15de-48cd-a741-6c8b6a6bece8">
                <conceptId>13172</conceptId>
                <retired>false</retired>
                <datatype id="66" resolves-to="org.openmrs.ConceptDatatype" uuid="8d4a48b6-c2cc-11de-8d13-0010c6dffd0f">
                  <name>Coded</name>
                  <description>Value determined by term dictionary lookup (i.e., term identifier)</description>
                  <creator/>
                  <dateCreated id="67">2004-02-02 05:00:00</dateCreated>
                  <retired>false</retired>
                  <conceptDatatypeId>2</conceptDatatypeId>
                  <hl7Abbreviation>CWE</hl7Abbreviation>
                </datatype>
                <conceptClass reference="31"/>
                <set>false</set>
                <creator/>
                <dateCreated id="68">2020-11-10 21:38:40</dateCreated>
                <changedBy/>
                <dateChanged id="69">2021-05-13 22:15:06</dateChanged>
                <names class="set" id="70">
                  <org.openmrs.ConceptName id="71" uuid="a403598a-f745-470a-ae3f-0bca9e720d94">
                    <conceptNameId>44722</conceptNameId>
                    <concept reference="65"/>
                    <name>Identification type</name>
                    <locale id="72">en</locale>
                    <creator/>
                    <dateCreated id="73">2020-11-10 21:38:40</dateCreated>
                    <voided>false</voided>
                    <tags class="set" id="74"/>
                    <conceptNameType>FULLY_SPECIFIED</conceptNameType>
                    <localePreferred>true</localePreferred>
                  </org.openmrs.ConceptName>
                  <org.openmrs.ConceptName id="75" uuid="13682dd5-eb6c-4591-bff8-4a915a069eac">
                    <conceptNameId>44723</conceptNameId>
                    <concept reference="65"/>
                    <name>ID type</name>
                    <locale id="76">en</locale>
                    <creator/>
                    <dateCreated id="77">2020-11-10 21:38:40</dateCreated>
                    <voided>false</voided>
                    <tags class="set" id="78"/>
                    <conceptNameType>SHORT</conceptNameType>
                    <localePreferred>false</localePreferred>
                  </org.openmrs.ConceptName>
                </names>
                <answers class="set" id="79">
                  <org.openmrs.ConceptAnswer id="80" uuid="30ef2c27-a658-42de-bee6-fe72b0a4a489">
                    <conceptAnswerId>12243</conceptAnswerId>
                    <concept reference="65"/>
                    <answerConcept id="81" resolves-to="org.openmrs.Concept" uuid="fb053703-2ae5-4275-9716-2c0b36089157">
                      <conceptId>13577</conceptId>
                      <retired>false</retired>
                      <datatype reference="3"/>
                      <conceptClass id="82" resolves-to="org.openmrs.ConceptClass" uuid="8d492774-c2cc-11de-8d13-0010c6dffd0f">
                        <name>Misc</name>
                        <description>Terms which don&apos;t fit other categories</description>
                        <creator/>
                        <dateCreated id="83">2015-07-01 17:25:50</dateCreated>
                        <retired>false</retired>
                        <conceptClassId>11</conceptClassId>
                      </conceptClass>
                      <set>false</set>
                      <creator/>
                      <dateCreated id="84">2021-05-13 22:13:56</dateCreated>
                      <changedBy/>
                      <dateChanged id="85">2021-05-13 22:14:46</dateChanged>
                      <names class="set" id="86">
                        <org.openmrs.ConceptName id="87" uuid="73b93b21-9f19-4636-b945-dd2762e92806">
                          <conceptNameId>46408</conceptNameId>
                          <concept reference="81"/>
                          <name>Peruvian National Identification</name>
                          <locale id="88">en</locale>
                          <creator/>
                          <dateCreated id="89">2021-05-13 22:13:56</dateCreated>
                          <voided>false</voided>
                          <tags class="set" id="90"/>
                          <conceptNameType>FULLY_SPECIFIED</conceptNameType>
                          <localePreferred>true</localePreferred>
                        </org.openmrs.ConceptName>
                        <org.openmrs.ConceptName id="91" uuid="29a1db9b-8356-436a-9a56-850c9ae57b21">
                          <conceptNameId>46409</conceptNameId>
                          <concept reference="81"/>
                          <name>DNI</name>
                          <locale id="92">en</locale>
                          <creator/>
                          <dateCreated id="93">2021-05-13 22:13:57</dateCreated>
                          <voided>false</voided>
                          <tags class="set" id="94"/>
                          <conceptNameType>SHORT</conceptNameType>
                          <localePreferred>false</localePreferred>
                        </org.openmrs.ConceptName>
                      </names>
                      <answers class="set" id="95"/>
                      <conceptSets class="set" id="96"/>
                      <descriptions class="set" id="97">
                        <org.openmrs.ConceptDescription id="98" uuid="1b7d04db-98d1-49fb-b48a-992a8f50c4c8">
                          <conceptDescriptionId>8336</conceptDescriptionId>
                          <concept reference="81"/>
                          <description>Peru&apos;s national ID number, or DNI.</description>
                          <locale id="99">en</locale>
                          <creator/>
                          <dateCreated id="100">2021-05-13 22:13:57</dateCreated>
                        </org.openmrs.ConceptDescription>
                      </descriptions>
                      <conceptMappings class="set" id="101">
                        <org.openmrs.ConceptMap id="102" uuid="865823e0-98ea-464d-a35e-d1a2f2518db5">
                          <conceptMapType reference="49"/>
                          <creator/>
                          <dateCreated id="103">2021-05-13 22:14:46</dateCreated>
                          <conceptMapId>36529</conceptMapId>
                          <concept reference="81"/>
                          <conceptReferenceTerm id="104" resolves-to="org.openmrs.ConceptReferenceTerm" uuid="c8779617-6410-4df0-b202-e0723c0b093f">
                            <creator/>
                            <dateCreated id="105">2021-05-13 22:14:37</dateCreated>
                            <retired>false</retired>
                            <conceptReferenceTermId>34813</conceptReferenceTermId>
                            <conceptSource reference="54"/>
                            <code>Peru DNI</code>
                            <conceptReferenceTermMaps id="106"/>
                          </conceptReferenceTerm>
                        </org.openmrs.ConceptMap>
                        <org.openmrs.ConceptMap id="107" uuid="44b4713c-7cbc-4a2a-a219-c9aa9cbf4ee0">
                          <conceptMapType reference="49"/>
                          <creator/>
                          <dateCreated id="108">2021-05-13 22:14:46</dateCreated>
                          <conceptMapId>36530</conceptMapId>
                          <concept reference="81"/>
                          <conceptReferenceTerm id="109" resolves-to="org.openmrs.ConceptReferenceTerm" uuid="d133bf0e-1572-4caa-af7a-b32c3ae000a4">
                            <creator/>
                            <dateCreated id="110">2021-05-13 22:14:12</dateCreated>
                            <retired>false</retired>
                            <conceptReferenceTermId>34812</conceptReferenceTermId>
                            <conceptSource reference="54"/>
                            <code>13577</code>
                            <conceptReferenceTermMaps id="111"/>
                          </conceptReferenceTerm>
                        </org.openmrs.ConceptMap>
                      </conceptMappings>
                      <attributes id="112"/>
                    </answerConcept>
                    <creator/>
                    <dateCreated id="113">2021-05-13 22:15:06</dateCreated>
                    <sortWeight>3.0</sortWeight>
                  </org.openmrs.ConceptAnswer>
                  <org.openmrs.ConceptAnswer id="114" uuid="d464c2dd-5527-4867-90b7-1b6e556749db">
                    <conceptAnswerId>11724</conceptAnswerId>
                    <concept reference="65"/>
                    <answerConcept id="115" resolves-to="org.openmrs.Concept" uuid="0b70341b-e80c-4117-ac04-6f7dae0a7165">
                      <conceptId>13174</conceptId>
                      <retired>false</retired>
                      <datatype reference="3"/>
                      <conceptClass reference="82"/>
                      <set>false</set>
                      <creator/>
                      <dateCreated id="116">2020-11-10 21:54:30</dateCreated>
                      <changedBy/>
                      <dateChanged id="117">2020-11-10 21:55:09</dateChanged>
                      <names class="set" id="118">
                        <org.openmrs.ConceptName id="119" uuid="9e7d2737-9ce0-4133-b6b2-79eef7896ff1">
                          <conceptNameId>44726</conceptNameId>
                          <concept reference="115"/>
                          <name>Immigration card</name>
                          <locale id="120">en</locale>
                          <creator/>
                          <dateCreated id="121">2020-11-10 21:54:30</dateCreated>
                          <voided>false</voided>
                          <tags class="set" id="122"/>
                          <conceptNameType>FULLY_SPECIFIED</conceptNameType>
                          <localePreferred>true</localePreferred>
                        </org.openmrs.ConceptName>
                      </names>
                      <answers class="set" id="123"/>
                      <conceptSets class="set" id="124"/>
                      <descriptions class="set" id="125">
                        <org.openmrs.ConceptDescription id="126" uuid="387b546d-b977-4365-8aa3-451921231651">
                          <conceptDescriptionId>8170</conceptDescriptionId>
                          <concept reference="115"/>
                          <description>Type of identification</description>
                          <locale id="127">en</locale>
                          <creator/>
                          <dateCreated id="128">2020-11-10 21:54:30</dateCreated>
                        </org.openmrs.ConceptDescription>
                      </descriptions>
                      <conceptMappings class="set" id="129">
                        <org.openmrs.ConceptMap id="130" uuid="66db0207-0fe6-437b-8ecf-e692c49c6c31">
                          <conceptMapType reference="49"/>
                          <creator/>
                          <dateCreated id="131">2020-11-10 21:55:09</dateCreated>
                          <conceptMapId>35475</conceptMapId>
                          <concept reference="115"/>
                          <conceptReferenceTerm id="132" resolves-to="org.openmrs.ConceptReferenceTerm" uuid="a51db199-f13f-43eb-bbd2-22411982e172">
                            <creator/>
                            <dateCreated id="133">2020-11-10 21:54:57</dateCreated>
                            <retired>false</retired>
                            <conceptReferenceTermId>34045</conceptReferenceTermId>
                            <conceptSource reference="54"/>
                            <code>Immigration card</code>
                            <conceptReferenceTermMaps id="134"/>
                          </conceptReferenceTerm>
                        </org.openmrs.ConceptMap>
                        <org.openmrs.ConceptMap id="135" uuid="d3022051-d9e5-40ca-b33c-89fed06efc9d">
                          <conceptMapType reference="49"/>
                          <creator/>
                          <dateCreated id="136">2020-11-10 21:55:09</dateCreated>
                          <conceptMapId>35476</conceptMapId>
                          <concept reference="115"/>
                          <conceptReferenceTerm id="137" resolves-to="org.openmrs.ConceptReferenceTerm" uuid="e4e931e6-551d-4e20-897e-b85b69f31e99">
                            <creator/>
                            <dateCreated id="138">2020-11-10 21:54:50</dateCreated>
                            <retired>false</retired>
                            <conceptReferenceTermId>34044</conceptReferenceTermId>
                            <conceptSource reference="54"/>
                            <code>13174</code>
                            <conceptReferenceTermMaps id="139"/>
                          </conceptReferenceTerm>
                        </org.openmrs.ConceptMap>
                      </conceptMappings>
                      <attributes id="140"/>
                    </answerConcept>
                    <creator/>
                    <dateCreated id="141">2020-11-10 21:56:25</dateCreated>
                    <sortWeight>2.0</sortWeight>
                  </org.openmrs.ConceptAnswer>
                  <org.openmrs.ConceptAnswer id="142" uuid="d9835fff-b4c9-4158-8f0e-10d102b90bd8">
                    <conceptAnswerId>11723</conceptAnswerId>
                    <concept reference="65"/>
                    <answerConcept id="143" resolves-to="org.openmrs.Concept" uuid="860f8721-0f5f-4476-84bb-f326eb84e704">
                      <conceptId>7419</conceptId>
                      <retired>false</retired>
                      <datatype reference="3"/>
                      <conceptClass reference="82"/>
                      <set>false</set>
                      <creator/>
                      <dateCreated id="144">2011-08-20 00:45:39</dateCreated>
                      <changedBy/>
                      <dateChanged id="145">2021-03-12 14:38:35</dateChanged>
                      <names class="set" id="146">
                        <org.openmrs.ConceptName id="147" uuid="61618fc8-7834-48af-9a10-0a792bba5234">
                          <conceptNameId>44830</conceptNameId>
                          <concept reference="143"/>
                          <name>National passport</name>
                          <locale id="148">en</locale>
                          <creator/>
                          <dateCreated id="149">2020-11-13 04:59:30</dateCreated>
                          <voided>false</voided>
                          <tags class="set" id="150"/>
                          <conceptNameType>FULLY_SPECIFIED</conceptNameType>
                          <localePreferred>true</localePreferred>
                          <changedBy/>
                          <dateChanged id="151">2020-11-13 04:59:30</dateChanged>
                        </org.openmrs.ConceptName>
                        <org.openmrs.ConceptName id="152" uuid="c9eeb425-5a7f-4709-86ca-d67de7e03180">
                          <conceptNameId>15101</conceptNameId>
                          <concept reference="143"/>
                          <name>Passport</name>
                          <locale id="153">en</locale>
                          <creator/>
                          <dateCreated id="154">2011-08-20 00:45:39</dateCreated>
                          <voided>true</voided>
                          <voidedBy/>
                          <dateVoided id="155">2020-11-13 04:59:30</dateVoided>
                          <voidReason>Deleted due to change of name</voidReason>
                          <tags class="set" id="156"/>
                          <localePreferred>false</localePreferred>
                          <changedBy/>
                          <dateChanged id="157">2021-03-12 14:38:35</dateChanged>
                        </org.openmrs.ConceptName>
                      </names>
                      <answers class="set" id="158"/>
                      <conceptSets class="set" id="159"/>
                      <descriptions class="set" id="160"/>
                      <conceptMappings class="set" id="161">
                        <org.openmrs.ConceptMap id="162" uuid="68f4afc1-8f40-4103-bba1-3623fc07ec96">
                          <conceptMapType reference="49"/>
                          <creator/>
                          <changedBy/>
                          <dateCreated id="163">2011-08-20 00:45:39</dateCreated>
                          <dateChanged id="164">2012-06-21 16:49:52</dateChanged>
                          <conceptMapId>13098</conceptMapId>
                          <concept reference="143"/>
                          <conceptReferenceTerm id="165" resolves-to="org.openmrs.ConceptReferenceTerm" uuid="88756508-7a55-371a-849e-30bf8721fa97">
                            <creator/>
                            <dateCreated id="166">2011-08-20 00:00:00</dateCreated>
                            <retired>false</retired>
                            <conceptReferenceTermId>13098</conceptReferenceTermId>
                            <conceptSource reference="54"/>
                            <code>Passport</code>
                            <conceptReferenceTermMaps id="167"/>
                          </conceptReferenceTerm>
                        </org.openmrs.ConceptMap>
                        <org.openmrs.ConceptMap id="168" uuid="bb443c6c-3978-48bb-b610-3549c36d7063">
                          <conceptMapType reference="49"/>
                          <creator/>
                          <dateCreated id="169">2020-11-13 04:59:30</dateCreated>
                          <conceptMapId>35578</conceptMapId>
                          <concept reference="143"/>
                          <conceptReferenceTerm id="170" resolves-to="org.openmrs.ConceptReferenceTerm" uuid="0c3b702d-0820-4c12-ba7c-e227f00b3ed2">
                            <creator/>
                            <dateCreated id="171">2020-11-13 04:59:00</dateCreated>
                            <retired>false</retired>
                            <conceptReferenceTermId>34147</conceptReferenceTermId>
                            <conceptSource id="172" resolves-to="org.openmrs.ConceptSource" uuid="1ADDDDDDDDDDDDDDDDDDDDDDDDDDDDDDDDDD">
                              <name>SNOMED CT</name>
                              <description>SNOMED Preferred mapping</description>
                              <creator/>
                              <dateCreated id="173">2015-07-01 17:25:50</dateCreated>
                              <retired>false</retired>
                              <conceptSourceId>6</conceptSourceId>
                              <hl7Code>SCT</hl7Code>
                            </conceptSource>
                            <code>49062001</code>
                            <conceptReferenceTermMaps id="174"/>
                          </conceptReferenceTerm>
                        </org.openmrs.ConceptMap>
                        <org.openmrs.ConceptMap id="175" uuid="0f2797bc-882c-41f9-aab0-31a4ebaea189">
                          <conceptMapType reference="49"/>
                          <creator/>
                          <dateCreated id="176">2021-03-12 14:38:35</dateCreated>
                          <conceptMapId>35989</conceptMapId>
                          <concept reference="143"/>
                          <conceptReferenceTerm id="177" resolves-to="org.openmrs.ConceptReferenceTerm" uuid="e039bf07-f6f2-3b6c-aadd-4554c58fed3a">
                            <creator/>
                            <dateCreated id="178">2011-08-20 00:00:00</dateCreated>
                            <retired>false</retired>
                            <conceptReferenceTermId>13099</conceptReferenceTermId>
                            <conceptSource reference="54"/>
                            <code>7419</code>
                            <conceptReferenceTermMaps id="179"/>
                          </conceptReferenceTerm>
                        </org.openmrs.ConceptMap>
                        <org.openmrs.ConceptMap id="180" uuid="d5ec98da-1930-4a3f-a135-7a3b27c67ff1">
                          <conceptMapType reference="49"/>
                          <creator/>
                          <dateCreated id="181">2020-11-13 04:59:30</dateCreated>
                          <conceptMapId>35579</conceptMapId>
                          <concept reference="143"/>
                          <conceptReferenceTerm id="182" resolves-to="org.openmrs.ConceptReferenceTerm" uuid="acf995ef-0576-4c1b-a08d-261bb971a865">
                            <creator/>
                            <dateCreated id="183">2020-11-13 04:59:10</dateCreated>
                            <retired>false</retired>
                            <conceptReferenceTermId>34148</conceptReferenceTermId>
                            <conceptSource id="184" resolves-to="org.openmrs.ConceptSource" uuid="21ADDDDDDDDDDDDDDDDDDDDDDDDDDDDDDDDD">
                              <name>CIEL</name>
                              <description>Columbia International eHealth Laboratory concept ID</description>
                              <creator/>
                              <dateCreated id="185">2015-07-01 17:25:50</dateCreated>
                              <retired>false</retired>
                              <conceptSourceId>29</conceptSourceId>
                            </conceptSource>
                            <code>166101</code>
                            <conceptReferenceTermMaps id="186"/>
                          </conceptReferenceTerm>
                        </org.openmrs.ConceptMap>
                      </conceptMappings>
                      <attributes id="187"/>
                    </answerConcept>
                    <creator/>
                    <dateCreated id="188">2020-11-10 21:56:25</dateCreated>
                    <sortWeight>1.0</sortWeight>
                  </org.openmrs.ConceptAnswer>
                </answers>
                <conceptSets class="set" id="189"/>
                <descriptions class="set" id="190"/>
                <conceptMappings class="set" id="191">
                  <org.openmrs.ConceptMap id="192" uuid="041f5999-2f9a-40be-9d5a-bb42da5e8200">
                    <conceptMapType reference="49"/>
                    <creator/>
                    <dateCreated id="193">2020-11-10 21:41:20</dateCreated>
                    <conceptMapId>35473</conceptMapId>
                    <concept reference="65"/>
                    <conceptReferenceTerm id="194" resolves-to="org.openmrs.ConceptReferenceTerm" uuid="79a73441-8c9a-4574-bbe6-e08683ca4fdb">
                      <creator/>
                      <dateCreated id="195">2020-11-10 21:40:57</dateCreated>
                      <retired>false</retired>
                      <conceptReferenceTermId>34042</conceptReferenceTermId>
                      <conceptSource reference="54"/>
                      <code>13172</code>
                      <conceptReferenceTermMaps id="196"/>
                    </conceptReferenceTerm>
                  </org.openmrs.ConceptMap>
                  <org.openmrs.ConceptMap id="197" uuid="ba3fbd64-f606-465b-a2b4-e9d15b20c539">
                    <conceptMapType reference="49"/>
                    <creator/>
                    <dateCreated id="198">2020-11-10 21:41:20</dateCreated>
                    <conceptMapId>35474</conceptMapId>
                    <concept reference="65"/>
                    <conceptReferenceTerm id="199" resolves-to="org.openmrs.ConceptReferenceTerm" uuid="1c805383-b7ce-410d-99d2-2c9035eaa47a">
                      <creator/>
                      <dateCreated id="200">2020-11-10 21:41:05</dateCreated>
                      <retired>false</retired>
                      <conceptReferenceTermId>34043</conceptReferenceTermId>
                      <conceptSource reference="54"/>
                      <code>Identification type</code>
                      <conceptReferenceTermMaps id="201"/>
                    </conceptReferenceTerm>
                  </org.openmrs.ConceptMap>
                </conceptMappings>
                <attributes id="202"/>
              </concept>
              <conceptSet reference="17"/>
              <sortWeight>0.0</sortWeight>
              <creator/>
              <dateCreated id="203">2020-11-10 21:40:41</dateCreated>
            </org.openmrs.ConceptSet>
          </conceptSets>
          <descriptions class="set" id="204"/>
          <conceptMappings class="set" id="205">
            <org.openmrs.ConceptMap id="206" uuid="c699b6f4-1aff-4f6a-b3d9-110580235276">
              <conceptMapType reference="49"/>
              <creator/>
              <dateCreated id="207">2020-11-10 21:03:27</dateCreated>
              <conceptMapId>35469</conceptMapId>
              <concept reference="17"/>
              <conceptReferenceTerm id="208" resolves-to="org.openmrs.ConceptReferenceTerm" uuid="b6bfc2e7-7f2f-444b-8897-bbde43aa9d3e">
                <creator/>
                <dateCreated id="209">2020-11-10 21:02:51</dateCreated>
                <retired>false</retired>
                <conceptReferenceTermId>34038</conceptReferenceTermId>
                <conceptSource reference="54"/>
                <code>13171</code>
                <conceptReferenceTermMaps id="210"/>
              </conceptReferenceTerm>
            </org.openmrs.ConceptMap>
            <org.openmrs.ConceptMap id="211" uuid="49e56b01-87b2-4da5-8152-01dac187d3a8">
              <conceptMapType reference="49"/>
              <creator/>
              <dateCreated id="212">2020-11-10 21:03:27</dateCreated>
              <conceptMapId>35470</conceptMapId>
              <concept reference="17"/>
              <conceptReferenceTerm id="213" resolves-to="org.openmrs.ConceptReferenceTerm" uuid="e57c21bc-691d-4400-92e6-c2158dd5f567">
                <creator/>
                <dateCreated id="214">2020-11-10 21:03:05</dateCreated>
                <retired>false</retired>
                <conceptReferenceTermId>34039</conceptReferenceTermId>
                <conceptSource reference="54"/>
                <code>Identification construct</code>
                <conceptReferenceTermMaps id="215"/>
              </conceptReferenceTerm>
            </org.openmrs.ConceptMap>
          </conceptMappings>
          <attributes id="216"/>
        </concept>
        <conceptSet reference="2"/>
        <sortWeight>0.0</sortWeight>
        <creator/>
        <dateCreated id="217">2021-05-13 22:15:52</dateCreated>
      </org.openmrs.ConceptSet>
    </conceptSets>
    <descriptions class="set" id="218"/>
    <conceptMappings class="set" id="219"/>
    <attributes id="220"/>
  </org.openmrs.Concept>
</list>
